MistoPoskytovaniId,ZdravotnickeZarizeniId,Kod,NazevZarizeni,DruhZarizeni,Obec,Psc,Ulice,CisloDomovniOrientacni,Kraj,KrajCode,Okres,OkresCode,SpravniObvod,PoskytovatelTelefon,PoskytovatelFax,PoskytovatelEmail,PoskytovatelWeb,Ico,TypOsoby,PravniFormaKod,KrajCodeSidlo,OkresCodeSidlo,ObecSidlo,PscSidlo,UliceSidlo,CisloDomovniOrientacniSidlo,OborPece,FormaPece,DruhPece,OdbornyZastupce,Lat,Lng
248001,178352,28511298604000,"ČESKÁ LÉKÁRNA HOLDING, a.s., Dr. Max Lékárna",Lékárna,Postoloprty,43942,Mírové náměstí,70,Ústecký kraj,CZ042,Louny,CZ0424,,,,,http://www.drmax.cz,28511298,2,121,CZ064,CZ0642,Brno,60200,Nové sady,996/25,praktické lékárenství,,lékárenská péče,"Dominika Fischer, Hana Götzlová, Ivana Bambasová, Jiří Binder, Jozef Kaštely, Kamila Sotáková, Karel Struha, Marek Sekula, Markéta Blechová, Markéta Dúžková, Martina Kožíšková, Martina Starková, Petr Myslivec, Petra Průšová, René Šoštý, Sekula Marek, Tibor Kirsch",50.360664012238,13.6996700551
247280,177720,28511298596000,"ČESKÁ LÉKÁRNA HOLDING, a.s., Dr. Max Lékárna",Lékárna,Lovosice,,Siřejovická,,Ústecký kraj,CZ042,Litoměřice,CZ0423,,,,,http://www.drmax.cz,28511298,2,121,CZ064,CZ0642,Brno,60200,Nové sady,996/25,praktické lékárenství,,lékárenská péče,"Dominika Fischer, Hana Götzlová, Ivana Bambasová, Jiří Binder, Jozef Kaštely, Kamila Sotáková, Karel Struha, Marek Sekula, Markéta Blechová, Markéta Dúžková, Martina Kožíšková, Martina Starková, Petr Myslivec, Petra Průšová, René Šoštý, Sekula Marek, Tibor Kirsch",,
246038,176652,49621173325000,"BENU Česká republika s.r.o., BENU lékárna",Lékárna,Varnsdorf,40747,Pražská,2951,Ústecký kraj,CZ042,Děčín,CZ0421,,420212812812,420212812812,info@benu.cz,http://www.benu.cz,49621173,2,112,CZ010,CZ0100,Praha 15,10200,K pérovně,945/7,praktické lékárenství,,lékárenská péče,Radek Machan,50.906166158269,14.618711005757
245562,176264,28511298579000,"ČESKÁ LÉKÁRNA HOLDING, a.s., Dr. Max Lékárna",Lékárna,Teplice,41501,náměstí Svobody,3316,Ústecký kraj,CZ042,Teplice,CZ0426,,,,,http://www.drmax.cz,28511298,2,121,CZ064,CZ0642,Brno,60200,Nové sady,996/25,praktické lékárenství,,lékárenská péče,"Dominika Fischer, Hana Götzlová, Ivana Bambasová, Jiří Binder, Jozef Kaštely, Kamila Sotáková, Karel Struha, Marek Sekula, Markéta Blechová, Markéta Dúžková, Martina Kožíšková, Martina Starková, Petr Myslivec, Petra Průšová, René Šoštý, Sekula Marek, Tibor Kirsch",50.639543923464,13.824029727403
245397,176129,2674602004000,"ALERGO MUDr. Kloc s.r.o., Lékárna BENU",Lékárna,Děčín,40502,Bezručova,790/5,Ústecký kraj,CZ042,Děčín,CZ0421,,420323631320,,alergo@cbox.cz,https://mudrkloc.webnode.cz/,2674602,2,112,CZ010,CZ0100,Praha 10,10200,K pérovně,945/7,praktické lékárenství,,lékárenská péče,KARIN STRUBICHOVÁ,50.773860397507,14.198111848567
245396,176128,2674602003000,"ALERGO MUDr. Kloc s.r.o., Lékárna BENU",Lékárna,Lovosice,41002,Školní,455/5,Ústecký kraj,CZ042,Litoměřice,CZ0423,,420323631320,,alergo@cbox.cz,https://mudrkloc.webnode.cz/,2674602,2,112,CZ010,CZ0100,Praha 10,10200,K pérovně,945/7,praktické lékárenství,,lékárenská péče,KARIN STRUBICHOVÁ,50.514324030979,14.050587828033
244391,175237,28511298561000,"ČESKÁ LÉKÁRNA HOLDING, a.s., Dr. Max Lékárna",Lékárna,Ústí nad Labem,40007,U Pivovarské zahrady,793/5,Ústecký kraj,CZ042,Ústí nad Labem,CZ0427,,,,,http://www.drmax.cz,28511298,2,121,CZ064,CZ0642,Brno,60200,Nové sady,996/25,praktické lékárenství,,lékárenská péče,"Dominika Fischer, Hana Götzlová, Ivana Bambasová, Jiří Binder, Jozef Kaštely, Kamila Sotáková, Karel Struha, Marek Sekula, Markéta Blechová, Markéta Dúžková, Martina Kožíšková, Martina Starková, Petr Myslivec, Petra Průšová, René Šoštý, Sekula Marek, Tibor Kirsch",50.667657985423,14.075887064957
244151,175033,19322941000000,Lékárna Orchidej s.r.o.,Lékárna,Litoměřice,41201,Želetická,2210/19,Ústecký kraj,CZ042,Litoměřice,CZ0423,,,,,,19322941,2,112,CZ080,CZ0805,Vítkov,74901,náměstí Jana Zajíce,6,praktické lékárenství,,lékárenská péče,PharmDr. MIROSLAVA ČAPKOVÁ,50.526496861723,14.139050686012
243517,174504,49621173292000,"BENU Česká republika s.r.o., BENU Lékárna",Lékárna,Teplice,41501,Nákladní,3201,Ústecký kraj,CZ042,Teplice,CZ0426,,420212812812,420212812812,info@benu.cz,http://www.benu.cz,49621173,2,112,CZ010,CZ0100,Praha 15,10200,K pérovně,945/7,praktické lékárenství,,lékárenská péče,Radek Machan,50.645489223926,13.822635995184
243479,174480,28511298556000,"ČESKÁ LÉKÁRNA HOLDING, a.s., Dr. Max Lékárna",Lékárna,Bílina,41801,Nábřeží,469,Ústecký kraj,CZ042,Teplice,CZ0426,,,,,http://www.drmax.cz,28511298,2,121,CZ064,CZ0642,Brno,60200,Nové sady,996/25,praktické lékárenství,,lékárenská péče,"Dominika Fischer, Hana Götzlová, Ivana Bambasová, Jiří Binder, Jozef Kaštely, Kamila Sotáková, Karel Struha, Marek Sekula, Markéta Blechová, Markéta Dúžková, Martina Kožíšková, Martina Starková, Petr Myslivec, Petra Průšová, René Šoštý, Sekula Marek, Tibor Kirsch",50.552751999853,13.772315323634
242964,174070,1838482000000,Lékárna Varnsdorf s.r.o.,Lékárna,Varnsdorf,40747,Legií,1954,Ústecký kraj,CZ042,Děčín,CZ0421,,,,,,1838482,2,112,CZ010,CZ0100,Praha 5,15000,Viktora Huga,377/4,praktické lékárenství,,lékárenská péče,Petr Friese,50.911862904682,14.622702828604
242840,173972,26384523017000,"LÉKÁRNÍCI 95 s.r.o., Lékárna BONATE",Lékárna,Most,43401,J. A. Komenského,311/1b,Ústecký kraj,CZ042,Most,CZ0425,,420352686754,420354693143,kancelar@lekarnici95.cz,http://www.bonate.cz,26384523,2,112,CZ041,CZ0411,Cheb,35002,Františkánské náměstí,34/8,praktické lékárenství,,lékárenská péče,Petr Koudelka,50.489793915533,13.651282918089
242602,173764,26384523016000,"LÉKÁRNÍCI 95 s.r.o., Lékárna BONATE",Lékárna,Petrovice,40337,,626,Ústecký kraj,CZ042,Ústí nad Labem,CZ0427,,420352686754,420354693143,kancelar@lekarnici95.cz,http://www.bonate.cz,26384523,2,112,CZ041,CZ0411,Cheb,35002,Františkánské náměstí,34/8,praktické lékárenství,,lékárenská péče,Petr Koudelka,50.786164382098,13.980330243763
241466,172805,3967883000000,Pharmaland s.r.o.,Lékárna,Teplice,41501,Plynárenská,280,Ústecký kraj,CZ042,Teplice,CZ0426,,,,,,3967883,2,112,CZ042,CZ0426,Teplice,41501,Plynárenská,280,praktické lékárenství,,lékárenská péče,Elia H S Liddawieh,50.635423064952,13.842245948727
240721,162155,9852123000000,"Pharma Most s.r.o., Lékárna Topolová",Lékárna,Most,43401,Topolová,1234,Ústecký kraj,CZ042,Most,CZ0425,,,,,,9852123,2,112,CZ010,CZ0100,Praha 4,14900,Chomutovická,1444/2,praktické lékárenství,,lékárenská péče,Luděk Poláček,50.497217046878,13.650265371038
240620,162056,28511298531000,"ČESKÁ LÉKÁRNA HOLDING, a.s., Dr. Max Lékárna",Lékárna,Chomutov,43003,Černovická,5430,Ústecký kraj,CZ042,Chomutov,CZ0422,,,,,http://www.drmax.cz,28511298,2,121,CZ064,CZ0642,Brno,60200,Nové sady,996/25,praktické lékárenství,,lékárenská péče,"Dominika Fischer, Hana Götzlová, Ivana Bambasová, Jiří Binder, Jozef Kaštely, Kamila Sotáková, Karel Struha, Marek Sekula, Markéta Blechová, Markéta Dúžková, Martina Kožíšková, Martina Starková, Petr Myslivec, Petra Průšová, René Šoštý, Sekula Marek, Tibor Kirsch",50.456869527344,13.3924215853
240509,161966,49621173272000,"BENU Česká republika s.r.o., BENU lékárna",Lékárna,Chomutov,43001,Žižkovo náměstí,5762,Ústecký kraj,CZ042,Chomutov,CZ0422,,420212812812,420212812812,info@benu.cz,http://www.benu.cz,49621173,2,112,CZ010,CZ0100,Praha 15,10200,K pérovně,945/7,praktické lékárenství,,lékárenská péče,Radek Machan,50.460879054169,13.415316908977
240234,161725,27576671002000,"REAL FORTE a.s., Lékárna BENEFIT u Gymnázia",Lékárna,Litvínov,43601,Studentská,999,Ústecký kraj,CZ042,Most,CZ0425,,420476101028,,l.benefit@centrum.cz,http://www.lekarnabenefit.cz,27576671,2,121,CZ010,CZ0100,Praha 8,18000,Srbova,360/1,praktické lékárenství,,lékárenská péče,PharmDr. Anna Žižková,50.598011172466,13.609418382533
239952,161444,28511298523000,"ČESKÁ LÉKÁRNA HOLDING, a.s., Dr. Max. Lékárna",Lékárna,Štětí,41108,9. května,403,Ústecký kraj,CZ042,Litoměřice,CZ0423,,,,,http://www.drmax.cz,28511298,2,121,CZ064,CZ0642,Brno,60200,Nové sady,996/25,praktické lékárenství,specializovaná ambulantní péče,lékárenská péče,"Dominika Fischer, Hana Götzlová, Ivana Bambasová, Jiří Binder, Jozef Kaštely, Kamila Sotáková, Karel Struha, Marek Sekula, Markéta Blechová, Markéta Dúžková, Martina Kožíšková, Martina Starková, Petr Myslivec, Petra Průšová, René Šoštý, Sekula Marek, Tibor Kirsch",50.454907519801,14.375373880724
239951,161443,28511298522000,"ČESKÁ LÉKÁRNA HOLDING, a.s., Dr. Max Lékárna",Lékárna,Roudnice nad Labem,41301,Alej 17. listopadu,1101,Ústecký kraj,CZ042,Litoměřice,CZ0423,,,,,http://www.drmax.cz,28511298,2,121,CZ064,CZ0642,Brno,60200,Nové sady,996/25,praktické lékárenství,,lékárenská péče,"Dominika Fischer, Hana Götzlová, Ivana Bambasová, Jiří Binder, Jozef Kaštely, Kamila Sotáková, Karel Struha, Marek Sekula, Markéta Blechová, Markéta Dúžková, Martina Kožíšková, Martina Starková, Petr Myslivec, Petra Průšová, René Šoštý, Sekula Marek, Tibor Kirsch",50.423032219377,14.249737168889
239508,161071,49621173261000,"BENU Česká republika s.r.o., BENU lékárna",Lékárna,Louny,44001,Václava Majera,2898,Ústecký kraj,CZ042,Louny,CZ0424,,420212812812,420212812812,info@benu.cz,http://www.benu.cz,49621173,2,112,CZ010,CZ0100,Praha 15,10200,K pérovně,945/7,praktické lékárenství,,lékárenská péče,Radek Machan,50.353177841108,13.815948550229
239422,161002,28511298520000,"ČESKÁ LÉKÁRNA HOLDING, a.s., Dr. Max Lékárna",Lékárna,Most,43401,Moskevská,508,Ústecký kraj,CZ042,Most,CZ0425,,,,,http://www.drmax.cz,28511298,2,121,CZ064,CZ0642,Brno,60200,Nové sady,996/25,praktické lékárenství,,lékárenská péče,"Dominika Fischer, Hana Götzlová, Ivana Bambasová, Jiří Binder, Jozef Kaštely, Kamila Sotáková, Karel Struha, Marek Sekula, Markéta Blechová, Markéta Dúžková, Martina Kožíšková, Martina Starková, Petr Myslivec, Petra Průšová, René Šoštý, Sekula Marek, Tibor Kirsch",50.507737872209,13.656653618544
228031,139743,9269495000000,"Mgr. Pavlína Grubrová, Lékárna Bynov",Lékárna,Děčín,40505,Jindřichova,337,Ústecký kraj,CZ042,Děčín,CZ0421,,,,,,9269495,1,,CZ042,CZ0421,Děčín,40502,Thunská,1021/28,praktické lékárenství,,lékárenská péče,Pavlína Grubrová,50.78239245698,14.156627225971
227873,139609,49621173244000,"BENU Česká republika s.r.o., BENU lékárna",Lékárna,Ústí nad Labem,40001,Okružní,3368/7,Ústecký kraj,CZ042,Ústí nad Labem,CZ0427,,420212812812,420212812812,info@benu.cz,http://www.benu.cz,49621173,2,112,CZ010,CZ0100,Praha 15,10200,K pérovně,945/7,praktické lékárenství,,lékárenská péče,Radek Machan,50.662936966935,14.021803135224
227344,139181,49621173237000,"BENU Česká republika s.r.o., BENU lékárna",Lékárna,Most,43401,tř. Budovatelů,2957/108,Ústecký kraj,CZ042,Most,CZ0425,,420212812812,420212812812,info@benu.cz,http://www.benu.cz,49621173,2,112,CZ010,CZ0100,Praha 15,10200,K pérovně,945/7,praktické lékárenství,,lékárenská péče,Radek Machan,50.505051251755,13.63938178919
227273,139134,9239723000000,"ALLETAB, s.r.o., Lékárna Neštěmice",Lékárna,Ústí nad Labem,40331,Mlýnská,558,Ústecký kraj,CZ042,Ústí nad Labem,CZ0427,,,,,,9239723,2,112,CZ042,CZ0423,Ploskovice,41142,,99,praktické lékárenství,,lékárenská péče,Aleš Borský,50.674887405267,14.105594001104
226009,138067,8593752000000,"Mgr. Jan Zvolánek, Lékárna",Lékárna,Jílové,40701,Mírové nám.,220,Ústecký kraj,CZ042,Děčín,CZ0421,,,,,,8593752,1,,CZ042,CZ0421,Děčín,40502,Prokopa Holého,114/27,praktické lékárenství,,lékárenská péče,Jan Zvolánek,50.761715661854,14.10412429946
225451,137653,22802231002000,"Lékárna U Hedviky s.r.o., Lékárna Na Radnici",Lékárna,Benešov nad Ploučnicí,40722,náměstí Míru,1,Ústecký kraj,CZ042,Děčín,CZ0421,,420487861136,,info@lekarnauhedviky.cz,http://www.lekarnauhedviky.cz,22802231,2,112,CZ051,CZ0511,Žandov,47107,Nádražní,11,,,lékárenská péče,Michaela Bažantová,50.741742781446,14.31130188575
225372,137602,28511298495000,"ČESKÁ LÉKÁRNA HOLDING, a.s., Dr. Max Lékárna",Lékárna,Lovosice,41002,Osvoboditelů,39/17,Ústecký kraj,CZ042,Litoměřice,CZ0423,,,,,http://www.drmax.cz,28511298,2,121,CZ064,CZ0642,Brno,60200,Nové sady,996/25,,,lékárenská péče,"Dominika Fischer, Hana Götzlová, Ivana Bambasová, Jiří Binder, Jozef Kaštely, Kamila Sotáková, Karel Struha, Marek Sekula, Markéta Blechová, Markéta Dúžková, Martina Kožíšková, Martina Starková, Petr Myslivec, Petra Průšová, René Šoštý, Sekula Marek, Tibor Kirsch",50.514558397581,14.051600820886
151422,137547,27288790000000,"Lékárna Petrovice s.r.o., Zubní klinika","Ostatní ambulantní zařízení, Samostatná ordinace PL - stomatologa, Lékárna",Petrovice,40337,,118,Ústecký kraj,CZ042,Ústí nad Labem,CZ0427,,420475205023,,lekpetro@seznam.cz,http://www.zubni-klinika-pohotovost.cz,27288790,2,112,CZ042,CZ0427,Petrovice,40337,,118,"praktické lékárenství, zubní lékařství",primární ambulantní péče,,"Dr.med.dent. Jaroslava Bláhová, Mgr. Daniela Bajerová",50.805189892189,13.979904796571
225066,137263,25011758001000,Lékárna U Českého lva Roudnice nad Labem s.r.o.,Lékárna,Roudnice nad Labem,41301,Komenského,970,Ústecký kraj,CZ042,Litoměřice,CZ0423,,,,,,25011758,2,112,CZ042,CZ0423,Roudnice nad Labem,41301,Komenského,970,praktické lékárenství,,lékárenská péče,Zuzana Langerová,50.4239302301,14.254275825766
225049,137251,6154743004000,"Aproklan s.r.o., Lékárna Poliklinika",Lékárna,Louny,44001,Pod Nemocnicí,2503,Ústecký kraj,CZ042,Louny,CZ0424,,,,Jiri.Kraft@mistnilekarna.cz,,6154743,2,112,CZ010,CZ0100,Praha 3,13000,Hartigova,1604/144,praktické lékárenství,,lékárenská péče,Jan Ponec,50.349909061548,13.808241706751
224693,136907,8022216000000,Lékárna Alba Dubí s.r.o.,Lékárna,Dubí,41701,Krušnohorská,41/15,Ústecký kraj,CZ042,Teplice,CZ0426,,,,,http://www.lekarna-dubi.cz,8022216,2,112,CZ042,CZ0426,Dubí,41701,Krušnohorská,41/15,praktické lékárenství,,lékárenská péče,Kateřina Kozáková,50.676804661498,13.793192719164
224625,136896,28511298476000,"ČESKÁ LÉKÁRNA HOLDING, a.s., Dr. Max Lékárna",Lékárna,Louny,44001,Pod Nemocnicí,2377,Ústecký kraj,CZ042,Louny,CZ0424,,,,,http://www.drmax.cz,28511298,2,121,CZ064,CZ0642,Brno,60200,Nové sady,996/25,praktické lékárenství,,lékárenská péče,"Dominika Fischer, Hana Götzlová, Ivana Bambasová, Jiří Binder, Jozef Kaštely, Kamila Sotáková, Karel Struha, Marek Sekula, Markéta Blechová, Markéta Dúžková, Martina Kožíšková, Martina Starková, Petr Myslivec, Petra Průšová, René Šoštý, Sekula Marek, Tibor Kirsch",50.351402965784,13.808777395832
223807,136115,28511298468000,"ČESKÁ LÉKÁRNA HOLDING, a.s., Dr. Max Lékárna",Lékárna,Teplice,41501,Čs. dobrovolců,3356,Ústecký kraj,CZ042,Teplice,CZ0426,,,,,http://www.drmax.cz,28511298,2,121,CZ064,CZ0642,Brno,60200,Nové sady,996/25,praktické lékárenství,,lékárenská péče,"Dominika Fischer, Hana Götzlová, Ivana Bambasová, Jiří Binder, Jozef Kaštely, Kamila Sotáková, Karel Struha, Marek Sekula, Markéta Blechová, Markéta Dúžková, Martina Kožíšková, Martina Starková, Petr Myslivec, Petra Průšová, René Šoštý, Sekula Marek, Tibor Kirsch",50.638885927906,13.819926130348
223553,135885,4615930000000,"zooplus SE, odštěpný závod CZ, Lékárna",Lékárna,Jiříkov,40753,Mánesova,1084/50,Ústecký kraj,CZ042,Děčín,CZ0421,,,,,http://www.zooplus.de,4615930,2,421,CZ010,CZ0100,Praha 1,11000,Vodičkova,710/31,praktické lékárenství,,lékárenská péče,Jiří Tejnecký,50.998810866205,14.565180095274
222865,135240,49621173216000,"BENU Česká republika s.r.o., BENU lékárna",Lékárna,Louny,44001,Náměstí Benedikta Rejta,2298,Ústecký kraj,CZ042,Louny,CZ0424,,420212812812,420212812812,info@benu.cz,http://www.benu.cz,49621173,2,112,CZ010,CZ0100,Praha 15,10200,K pérovně,945/7,praktické lékárenství,,lékárenská péče,Radek Machan,50.358068438156,13.786725924396
222611,135007,5657016000000,"Lékárna S+M s.r.o., Lékárna U Divadla",Lékárna,Ústí nad Labem,40001,Masarykova,1297/8,Ústecký kraj,CZ042,Ústí nad Labem,CZ0427,,,,lek.udivadla@lekarnaudivadla.cz,,5657016,2,112,CZ020,CZ0209,Sedlec,25065,,107,praktické lékárenství,,lékárenská péče,Mgr. SIMONA MAHNEROVÁ,50.660908242001,14.035155958998
222351,134756,49621173208000,"BENU Česká republika s.r.o., BENU lékárna",Lékárna,Teplice,41501,Benešovo náměstí,424/9,Ústecký kraj,CZ042,Teplice,CZ0426,,420212812812,420212812812,info@benu.cz,http://www.benu.cz,49621173,2,112,CZ010,CZ0100,Praha 15,10200,K pérovně,945/7,praktické lékárenství,,lékárenská péče,Radek Machan,50.642324141357,13.82696407739
210591,133172,28511298440000,"ČESKÁ LÉKÁRNA HOLDING, a.s., Dr. Max Lékárna",Lékárna,Žatec,43801,Husova,3078,Ústecký kraj,CZ042,Louny,CZ0424,,,,,http://www.drmax.cz,28511298,2,121,CZ064,CZ0642,Brno,60200,Nové sady,996/25,praktické lékárenství,,lékárenská péče,"Dominika Fischer, Hana Götzlová, Ivana Bambasová, Jiří Binder, Jozef Kaštely, Kamila Sotáková, Karel Struha, Marek Sekula, Markéta Blechová, Markéta Dúžková, Martina Kožíšková, Martina Starková, Petr Myslivec, Petra Průšová, René Šoštý, Sekula Marek, Tibor Kirsch",50.31423121792,13.532759086222
151917,133164,25425722000000,"Stellart s.r.o, IVF klinika","Centrum asistované reprodukce, Samostatná ordinace PL - gynekologa, Samostatná ordinace lékaře specialisty, Lékárna",Teplice,41501,Krupská,12/17,Ústecký kraj,CZ042,Teplice,CZ0426,,420417539903,,info@stellart.cz,http://www.stellart-clinic.cz,25425722,2,112,CZ042,CZ0426,Teplice,41501,Krupská,12/17,"praktické lékárenství, gynekologie a porodnictví, anesteziologie a intenzivní medicína","primární ambulantní péče, specializovaná ambulantní péče",lékárenská péče,"Dagmar Adamčiaková, Jindřich Koudela",50.64125027009,13.825636874285
210406,133082,29155070000000,"Urtica Pharm s.r.o., Lékárna Na náměstí",Lékárna,Chomutov,43001,náměstí 1. Máje,11/14,Ústecký kraj,CZ042,Chomutov,CZ0422,,,,,,29155070,2,112,CZ010,CZ0100,Praha 10,10100,Černomořská,454/12,praktické lékárenství,,lékárenská péče,Dominika Králiková,50.460533899446,13.419008381019
210493,133081,28570481017000,"Sanovia, a.s., Lékárna U Zlaté koruny",Lékárna,Jirkov,43111,Červenohrádecká,1559,Ústecký kraj,CZ042,Chomutov,CZ0422,,420597575211,,info@mojelekarna.cz,www.mojelekarna.cz,28570481,2,121,CZ080,CZ0806,Ostrava,71600,Těšínská,1349/296,praktické lékárenství,,lékárenská péče,Martina Obrtelová,50.502024295413,13.445582380348
210189,132801,28511298437000,"ČESKÁ LÉKÁRNA HOLDING, a.s., Dr. Max Lékárna",Lékárna,Ústí nad Labem,40001,Revoluční,456/28,Ústecký kraj,CZ042,Ústí nad Labem,CZ0427,,,,,http://www.drmax.cz,28511298,2,121,CZ064,CZ0642,Brno,60200,Nové sady,996/25,praktické lékárenství,,lékárenská péče,"Dominika Fischer, Hana Götzlová, Ivana Bambasová, Jiří Binder, Jozef Kaštely, Kamila Sotáková, Karel Struha, Marek Sekula, Markéta Blechová, Markéta Dúžková, Martina Kožíšková, Martina Starková, Petr Myslivec, Petra Průšová, René Šoštý, Sekula Marek, Tibor Kirsch",50.659696392297,14.037072761935
209948,132692,25488627010009,"Krajská zdravotní, a.s., lékárna",Lékárna,Ústí nad Labem,40001,V Podhájí,500/23,Ústecký kraj,CZ042,Ústí nad Labem,CZ0427,,420477114126,,,www.kzcr.eu,25488627,2,121,CZ042,CZ0427,Ústí nad Labem,40011,Sociální péče,3316/12,,,lékárenská péče,"ALEŠ CHODACKI, EVA VAŇKOVÁ, Irena Voříšková, JIŘÍ BOROVEC, Jiří Štverák, MARKÉTA RUFFEROVÁ, Michal Hanauer, OLGA MUČICOVÁ, Petra Bradáčová, Tomáš Hrubý, Věra Buriánová, Zuzana Koštůrová",50.676789019564,14.010921154265
209487,132280,27279847001000,"Lazaret s.r.o., Lékárna U Matky Boží",Lékárna,Litoměřice,41201,Velká Krajská,52/2,Ústecký kraj,CZ042,Litoměřice,CZ0423,,420416532366,,nadkaplickou@seznam.cz,http://www.vaselekarny.cz,27279847,2,112,CZ042,CZ0423,Litoměřice,41201,Palachova,779/9,praktické lékárenství,,lékárenská péče,Brabcová Lenka,50.534799180022,14.130008351033
209433,132243,28511298429000,"ČESKÁ LÉKÁRNA HOLDING, a.s., Dr. Max Lékárna",Lékárna,Varnsdorf,40747,Československé mládeže,3500,Ústecký kraj,CZ042,Děčín,CZ0421,,,,,http://www.drmax.cz,28511298,2,121,CZ064,CZ0642,Brno,60200,Nové sady,996/25,praktické lékárenství,,lékárenská péče,"Dominika Fischer, Hana Götzlová, Ivana Bambasová, Jiří Binder, Jozef Kaštely, Kamila Sotáková, Karel Struha, Marek Sekula, Markéta Blechová, Markéta Dúžková, Martina Kožíšková, Martina Starková, Petr Myslivec, Petra Průšová, René Šoštý, Sekula Marek, Tibor Kirsch",50.913245840592,14.612230250619
208562,131683,25010450001000,"Alfapharm s.r.o., Lékárna Omega",Lékárna,Duchcov,41901,Zelenkova,539/19,Ústecký kraj,CZ042,Teplice,CZ0426,,420417836291,,lekarna_alfa@volny.cz,,25010450,2,112,CZ042,CZ0426,Novosedlice,41731,Sokolská,314/13,praktické lékárenství,ambulantní péče,lékárenská péče,Mgr. Jana Trägnerová,50.606908711584,13.746505341642
208188,131407,28511298414000,"ČESKÁ LÉKÁRNA HOLDING, a.s., Dr. Max Lékárna",Lékárna,Teplice,41510,Srbická,464,Ústecký kraj,CZ042,Teplice,CZ0426,,,,,http://www.drmax.cz,28511298,2,121,CZ064,CZ0642,Brno,60200,Nové sady,996/25,praktické lékárenství,ambulantní péče,lékárenská péče,"Dominika Fischer, Hana Götzlová, Ivana Bambasová, Jiří Binder, Jozef Kaštely, Kamila Sotáková, Karel Struha, Marek Sekula, Markéta Blechová, Markéta Dúžková, Martina Kožíšková, Martina Starková, Petr Myslivec, Petra Průšová, René Šoštý, Sekula Marek, Tibor Kirsch",50.661042728887,13.863701193782
206971,130562,25998358000000,Lékárna Most s.r.o.,Lékárna,Most,43401,Rudolická,1706/4,Ústecký kraj,CZ042,Most,CZ0425,,420494942111,,most@ipcnet.cz,http://www.ipcgroup.cz/,25998358,2,112,CZ052,CZ0521,Hradec Králové,50012,Brněnská,315/4,praktické lékárenství,,lékárenská péče,Ivana Rýdlová,50.510653307243,13.651239812281
206487,130187,28511298408000,"ČESKÁ LÉKÁRNA HOLDING, a.s., Dr. Max Lékárna",Lékárna,Rumburk,40801,Třída 9. května,1386/50,Ústecký kraj,CZ042,Děčín,CZ0421,,,,,http://www.drmax.cz,28511298,2,121,CZ064,CZ0642,Brno,60200,Nové sady,996/25,praktické lékárenství,ambulantní péče,lékárenská péče,"Dominika Fischer, Hana Götzlová, Ivana Bambasová, Jiří Binder, Jozef Kaštely, Kamila Sotáková, Karel Struha, Marek Sekula, Markéta Blechová, Markéta Dúžková, Martina Kožíšková, Martina Starková, Petr Myslivec, Petra Průšová, René Šoštý, Sekula Marek, Tibor Kirsch",50.954925201566,14.552972706344
205887,129638,49621173181000,"BENU Česká republika s.r.o., BENU lékárna",Lékárna,Teplice,41501,náměstí Svobody,3312,Ústecký kraj,CZ042,Teplice,CZ0426,,420212812812,420212812812,info@benu.cz,http://www.benu.cz,49621173,2,112,CZ010,CZ0100,Praha 15,10200,K pérovně,945/7,praktické lékárenství,ambulantní péče,lékárenská péče,Radek Machan,50.640609918103,13.824444234567
205886,129637,49621173180000,"BENU Česká republika s.r.o., BENU lékárna",Lékárna,Most,43401,Velebudická,3270,Ústecký kraj,CZ042,Most,CZ0425,,420212812812,420212812812,info@benu.cz,http://www.benu.cz,49621173,2,112,CZ010,CZ0100,Praha 15,10200,K pérovně,945/7,praktické lékárenství,ambulantní péče,lékárenská péče,Radek Machan,50.48595225338,13.655512357593
205885,129635,49621173179000,"BENU Česká republika s.r.o., BENU lékárna",Lékárna,Roudnice nad Labem,41301,Alej 17. listopadu,2720,Ústecký kraj,CZ042,Litoměřice,CZ0423,,420212812812,420212812812,info@benu.cz,http://www.benu.cz,49621173,2,112,CZ010,CZ0100,Praha 15,10200,K pérovně,945/7,praktické lékárenství,ambulantní péče,lékárenská péče,Radek Machan,50.424224859095,14.237441915872
205884,129633,49621173178000,"BENU Česká republika s.r.o., BENU lékárna",Lékárna,Litvínov,43601,Žižkova,151,Ústecký kraj,CZ042,Most,CZ0425,,420212812812,420212812812,info@benu.cz,http://www.benu.cz,49621173,2,112,CZ010,CZ0100,Praha 15,10200,K pérovně,945/7,praktické lékárenství,ambulantní péče,lékárenská péče,Radek Machan,50.602328000871,13.614006340312
192297,128906,28511298382000,"ČESKÁ LÉKÁRNA HOLDING, a.s., Dr. Max Lékárna",Lékárna,Chomutov,43001,Mostecká,5894,Ústecký kraj,CZ042,Chomutov,CZ0422,,,,,http://www.drmax.cz,28511298,2,121,CZ064,CZ0642,Brno,60200,Nové sady,996/25,praktické lékárenství,,lékárenská péče,"Dominika Fischer, Hana Götzlová, Ivana Bambasová, Jiří Binder, Jozef Kaštely, Kamila Sotáková, Karel Struha, Marek Sekula, Markéta Blechová, Markéta Dúžková, Martina Kožíšková, Martina Starková, Petr Myslivec, Petra Průšová, René Šoštý, Sekula Marek, Tibor Kirsch",50.464000415925,13.42102386879
192296,128905,28511298381000,"ČESKÁ LÉKÁRNA HOLDING, a.s., Dr. Max Lékárna",Lékárna,Trmice,40004,Tyršova,869,Ústecký kraj,CZ042,Ústí nad Labem,CZ0427,,,,,http://www.drmax.cz,28511298,2,121,CZ064,CZ0642,Brno,60200,Nové sady,996/25,praktické lékárenství,,lékárenská péče,"Dominika Fischer, Hana Götzlová, Ivana Bambasová, Jiří Binder, Jozef Kaštely, Kamila Sotáková, Karel Struha, Marek Sekula, Markéta Blechová, Markéta Dúžková, Martina Kožíšková, Martina Starková, Petr Myslivec, Petra Průšová, René Šoštý, Sekula Marek, Tibor Kirsch",50.651097498201,14.001293050137
152476,128903,28511298380000,"ČESKÁ LÉKÁRNA HOLDING, a.s., Dr. Max Lékárna",Lékárna,Litvínov,43601,Jiráskova,2181,Ústecký kraj,CZ042,Most,CZ0425,,,,,http://www.drmax.cz,28511298,2,121,CZ064,CZ0642,Brno,60200,Nové sady,996/25,praktické lékárenství,,,"Dominika Fischer, Hana Götzlová, Ivana Bambasová, Jiří Binder, Jozef Kaštely, Kamila Sotáková, Karel Struha, Marek Sekula, Markéta Blechová, Markéta Dúžková, Martina Kožíšková, Martina Starková, Petr Myslivec, Petra Průšová, René Šoštý, Sekula Marek, Tibor Kirsch",50.598852409281,13.617646733044
205112,128811,49621173169000,"BENU Česká republika s.r.o., BENU lékárna",Lékárna,Rumburk,40801,Třída 9. května,10/6,Ústecký kraj,CZ042,Děčín,CZ0421,,420212812812,420212812812,info@benu.cz,http://www.benu.cz,49621173,2,112,CZ010,CZ0100,Praha 15,10200,K pérovně,945/7,praktické lékárenství,ambulantní péče,lékárenská péče,Radek Machan,50.952035815096,14.558001371032
205113,128810,49621173168000,"BENU Česká republika s.r.o., BENU lékárna",Lékárna,Rumburk,40801,Náměstí Lužické,102/7,Ústecký kraj,CZ042,Děčín,CZ0421,,420212812812,420212812812,info@benu.cz,http://www.benu.cz,49621173,2,112,CZ010,CZ0100,Praha 15,10200,K pérovně,945/7,praktické lékárenství,ambulantní péče,lékárenská péče,Radek Machan,50.951663230596,14.559058877116
204833,127706,25485822005000,Domácí lékárna s.r.o.,Lékárna,Krupka,41742,Revoluční,460,Ústecký kraj,CZ042,Teplice,CZ0426,,420603216441,,jirkasmisou@gmail.com,http://www.domacilekarna.eu,25485822,2,112,CZ080,CZ0805,Vítkov,74901,náměstí Jana Zajíce,6,praktické lékárenství,,lékárenská péče,PharmDr. Romana Bobková,50.685766008572,13.88652039979
168107,95067,49116886002000,"PharmDr. Zdeňka Gregorová, Lékárna U Labe",Lékárna,Děčín,40502,Karla Čapka,211/1,Ústecký kraj,CZ042,Děčín,CZ0421,,420412519460,,zameckalekarna@seznam.cz,,49116886,1,,CZ042,CZ0421,Děčín,40502,Křížová,19/11,praktické lékárenství,ambulantní péče,lékárenská péče,,50.781740605572,14.210463031601
178511,93606,28511298331000,"ČESKÁ LÉKÁRNA HOLDING, a.s., Dr. Max Lékárna",Lékárna,Ústí nad Labem,40001,Bílinská,3490/6,Ústecký kraj,CZ042,Ústí nad Labem,CZ0427,,,,,http://www.drmax.cz,28511298,2,121,CZ064,CZ0642,Brno,60200,Nové sady,996/25,praktické lékárenství,ambulantní péče,lékárenská péče,"Dominika Fischer, Hana Götzlová, Ivana Bambasová, Jiří Binder, Jozef Kaštely, Kamila Sotáková, Karel Struha, Marek Sekula, Markéta Blechová, Markéta Dúžková, Martina Kožíšková, Martina Starková, Petr Myslivec, Petra Průšová, René Šoštý, Sekula Marek, Tibor Kirsch",50.658657970431,14.041080990194
167870,93605,28511298330000,"ČESKÁ LÉKÁRNA HOLDING, a.s., Dr. Max Lékárna",Lékárna,Teplice,41501,náměstí Svobody,3312,Ústecký kraj,CZ042,Teplice,CZ0426,,,,,http://www.drmax.cz,28511298,2,121,CZ064,CZ0642,Brno,60200,Nové sady,996/25,praktické lékárenství,ambulantní péče,lékárenská péče,"Dominika Fischer, Hana Götzlová, Ivana Bambasová, Jiří Binder, Jozef Kaštely, Kamila Sotáková, Karel Struha, Marek Sekula, Markéta Blechová, Markéta Dúžková, Martina Kožíšková, Martina Starková, Petr Myslivec, Petra Průšová, René Šoštý, Sekula Marek, Tibor Kirsch",50.640609918103,13.824444234567
167576,93604,28511298329000,"ČESKÁ LÉKÁRNA HOLDING, a.s., Dr. Max Lékárna",Lékárna,Litoměřice,41201,Želetická,2277,Ústecký kraj,CZ042,Litoměřice,CZ0423,,,,,http://www.drmax.cz,28511298,2,121,CZ064,CZ0642,Brno,60200,Nové sady,996/25,,,lékárenská péče,"Dominika Fischer, Hana Götzlová, Ivana Bambasová, Jiří Binder, Jozef Kaštely, Kamila Sotáková, Karel Struha, Marek Sekula, Markéta Blechová, Markéta Dúžková, Martina Kožíšková, Martina Starková, Petr Myslivec, Petra Průšová, René Šoštý, Sekula Marek, Tibor Kirsch",50.526734417974,14.13734023895
189297,93462,3944182002000,"Simmerová Freibergová s.r.o., Lékárna Hřensko",Lékárna,Hřensko,40717,,87,Ústecký kraj,CZ042,Děčín,CZ0421,,,,l.freibergova@seznam.cz,,3944182,2,112,CZ042,CZ0421,Děčín,40502,Thomayerova,116/8,praktické lékárenství,ambulantní péče,lékárenská péče,Jitka Rubešová,50.8817306039,14.237776842556
189295,93460,3944182000000,"Simmerová Freibergová s.r.o., Lékárna U Slunce",Lékárna,Děčín,40502,Thomayerova,116/8,Ústecký kraj,CZ042,Děčín,CZ0421,,,,l.freibergova@seznam.cz,,3944182,2,112,CZ042,CZ0421,Děčín,40502,Thomayerova,116/8,praktické lékárenství,ambulantní péče,lékárenská péče,Jitka Rubešová,50.775493710755,14.198709474558
167575,83048,49621173147000,"BENU Česká republika s.r.o., BENU lékárna",Lékárna,Děčín,40502,Duchcovská,1210/1,Ústecký kraj,CZ042,Děčín,CZ0421,,420212812812,420212812812,info@benu.cz,http://www.benu.cz,49621173,2,112,CZ010,CZ0100,Praha 15,10200,K pérovně,945/7,,,lékárenská péče,Radek Machan,50.78205587432,14.213392920556
168120,82873,3048497000000,"KLARANN, spol. s r.o., Lékárna U Okřídleného býka",Lékárna,Chomutov,43003,Husova,4691,Ústecký kraj,CZ042,Chomutov,CZ0422,,,,,https://www.lekarna-chomutov.cz/,3048497,2,112,CZ042,CZ0422,Chomutov,43003,Husova,4691,praktické lékárenství,ambulantní péče,lékárenská péče,JOSEF UMLAUF,50.466967714019,13.401350622876
193979,82831,2988518001000,Lékárna Děčín a.s.,Lékárna,Děčín,40502,Sofijská,2/3,Ústecký kraj,CZ042,Děčín,CZ0421,,420412528091,,decin@ipcnet.cz,http://www.ipcgroup.cz,2988518,2,121,CZ052,CZ0521,Praha 4,50012,Brněnská,315/4,praktické lékárenství,,,Marcela Zvolánková,50.771990970935,14.193281982144
167571,71953,28733401002001,"AVIES s.r.o., Lékárna U Pelikána – OOVL",Lékárna,Radonice,43155,,27,Ústecký kraj,CZ042,Chomutov,CZ0422,,420474344465,,radek.oswald@seznam.cz,,28733401,2,112,CZ042,CZ0422,Kadaň,43201,Mírové náměstí,182,,,lékárenská péče,"Kubincová Dagmar, Mgr. Radek Oswald, PharmDr. Ivana Tomanová, PharmDr. Monika Mědílková",50.297522640449,13.284898610046
152594,71926,49621173140000,"BENU Česká republika s.r.o., BENU lékárna",Lékárna,Děčín,40502,Boženy Němcové,496/2,Ústecký kraj,CZ042,Děčín,CZ0421,,420212812812,420212812812,info@benu.cz,http://www.benu.cz,49621173,2,112,CZ010,CZ0100,Praha 15,10200,K pérovně,945/7,praktické lékárenství,ambulantní péče,lékárenská péče,Radek Machan,50.77990269174,14.216382756405
152561,71545,25485822004000,"Domácí lékárna s.r.o., Lékárna U  LIDLU",Lékárna,Teplice,41501,Novosedlická,394/8,Ústecký kraj,CZ042,Teplice,CZ0426,,420603216441,,jirkasmisou@gmail.com,http://www.domacilekarna.eu,25485822,2,112,CZ080,CZ0805,Vítkov,74901,náměstí Jana Zajíce,6,praktické lékárenství,ambulantní péče,lékárenská péče,PharmDr. Romana Bobková,50.647604452295,13.821403122875
115400,71237,28511298311000,"ČESKÁ LÉKÁRNA HOLDING, a.s., Dr. Max Lékárna",Lékárna,Varnsdorf,40747,Národní,3314,Ústecký kraj,CZ042,Děčín,CZ0421,,,,,http://www.drmax.cz,28511298,2,121,CZ064,CZ0642,Brno,60200,Nové sady,996/25,praktické lékárenství,ambulantní péče,lékárenská péče,"Dominika Fischer, Hana Götzlová, Ivana Bambasová, Jiří Binder, Jozef Kaštely, Kamila Sotáková, Karel Struha, Marek Sekula, Markéta Blechová, Markéta Dúžková, Martina Kožíšková, Martina Starková, Petr Myslivec, Petra Průšová, René Šoštý, Sekula Marek, Tibor Kirsch",50.909967434053,14.622065431117
152481,69741,28511298294000,"ČESKÁ LÉKÁRNA HOLDING, a.s., Dr. Max Lékárna",Lékárna,Klášterec nad Ohří,43151,Sadová,628,Ústecký kraj,CZ042,Chomutov,CZ0422,,,,,http://www.drmax.cz,28511298,2,121,CZ064,CZ0642,Brno,60200,Nové sady,996/25,praktické lékárenství,,,"Dominika Fischer, Hana Götzlová, Ivana Bambasová, Jiří Binder, Jozef Kaštely, Kamila Sotáková, Karel Struha, Marek Sekula, Markéta Blechová, Markéta Dúžková, Martina Kožíšková, Martina Starková, Petr Myslivec, Petra Průšová, René Šoštý, Sekula Marek, Tibor Kirsch",50.387634954287,13.180748504273
152479,69411,28511298292000,"ČESKÁ LÉKÁRNA HOLDING, a.s., Dr. Max Lékárna",Lékárna,Teplice,41501,U nádraží,529/7,Ústecký kraj,CZ042,Teplice,CZ0426,,,,,http://www.drmax.cz,28511298,2,121,CZ064,CZ0642,Brno,60200,Nové sady,996/25,praktické lékárenství,,,"Dominika Fischer, Hana Götzlová, Ivana Bambasová, Jiří Binder, Jozef Kaštely, Kamila Sotáková, Karel Struha, Marek Sekula, Markéta Blechová, Markéta Dúžková, Martina Kožíšková, Martina Starková, Petr Myslivec, Petra Průšová, René Šoštý, Sekula Marek, Tibor Kirsch",50.644751635159,13.828846564859
152480,69410,28511298291000,"ČESKÁ LÉKÁRNA HOLDING, a.s., Dr. Max Lékárna",Lékárna,Teplice,41501,Duchcovská,962/53,Ústecký kraj,CZ042,Teplice,CZ0426,,,,,http://www.drmax.cz,28511298,2,121,CZ064,CZ0642,Brno,60200,Nové sady,996/25,praktické lékárenství,,,"Dominika Fischer, Hana Götzlová, Ivana Bambasová, Jiří Binder, Jozef Kaštely, Kamila Sotáková, Karel Struha, Marek Sekula, Markéta Blechová, Markéta Dúžková, Martina Kožíšková, Martina Starková, Petr Myslivec, Petra Průšová, René Šoštý, Sekula Marek, Tibor Kirsch",50.636564325902,13.810856307098
152478,69409,28511298290000,"ČESKÁ LÉKÁRNA HOLDING, a.s., Dr. Max Lékárna",Lékárna,Ústí nad Labem,40011,Krušnohorská,3371/2,Ústecký kraj,CZ042,Ústí nad Labem,CZ0427,,,,,http://www.drmax.cz,28511298,2,121,CZ064,CZ0642,Brno,60200,Nové sady,996/25,praktické lékárenství,,,"Dominika Fischer, Hana Götzlová, Ivana Bambasová, Jiří Binder, Jozef Kaštely, Kamila Sotáková, Karel Struha, Marek Sekula, Markéta Blechová, Markéta Dúžková, Martina Kožíšková, Martina Starková, Petr Myslivec, Petra Průšová, René Šoštý, Sekula Marek, Tibor Kirsch",50.677828825531,14.036667057112
152477,69408,28511298289000,"ČESKÁ LÉKÁRNA HOLDING, a.s., Dr. Max Lékárna",Lékárna,Ústí nad Labem,40010,Všebořická,396/51a,Ústecký kraj,CZ042,Ústí nad Labem,CZ0427,,,,,http://www.drmax.cz,28511298,2,121,CZ064,CZ0642,Brno,60200,Nové sady,996/25,praktické lékárenství,,,"Dominika Fischer, Hana Götzlová, Ivana Bambasová, Jiří Binder, Jozef Kaštely, Kamila Sotáková, Karel Struha, Marek Sekula, Markéta Blechová, Markéta Dúžková, Martina Kožíšková, Martina Starková, Petr Myslivec, Petra Průšová, René Šoštý, Sekula Marek, Tibor Kirsch",50.683820001246,13.995416908652
152475,69406,28511298287000,"ČESKÁ LÉKÁRNA HOLDING, a.s., Dr. Max Lékárna",Lékárna,Chomutov,43001,Farského,4732,Ústecký kraj,CZ042,Chomutov,CZ0422,,,,,http://www.drmax.cz,28511298,2,121,CZ064,CZ0642,Brno,60200,Nové sady,996/25,praktické lékárenství,,,"Dominika Fischer, Hana Götzlová, Ivana Bambasová, Jiří Binder, Jozef Kaštely, Kamila Sotáková, Karel Struha, Marek Sekula, Markéta Blechová, Markéta Dúžková, Martina Kožíšková, Martina Starková, Petr Myslivec, Petra Průšová, René Šoštý, Sekula Marek, Tibor Kirsch",50.461985004655,13.414310388514
152474,69405,28511298286000,"ČESKÁ LÉKÁRNA HOLDING, a.s., Dr. Max Lékárna",Lékárna,Litoměřice,41201,Palachova,779/9,Ústecký kraj,CZ042,Litoměřice,CZ0423,,,,,http://www.drmax.cz,28511298,2,121,CZ064,CZ0642,Brno,60200,Nové sady,996/25,praktické lékárenství,,,"Dominika Fischer, Hana Götzlová, Ivana Bambasová, Jiří Binder, Jozef Kaštely, Kamila Sotáková, Karel Struha, Marek Sekula, Markéta Blechová, Markéta Dúžková, Martina Kožíšková, Martina Starková, Petr Myslivec, Petra Průšová, René Šoštý, Sekula Marek, Tibor Kirsch",50.537292276641,14.131347330756
152473,69404,28511298285000,"ČESKÁ LÉKÁRNA HOLDING, a.s., Dr. Max Lékárna",Lékárna,Děčín,40502,Ústecká,1905/8,Ústecký kraj,CZ042,Děčín,CZ0421,,,,,http://www.drmax.cz,28511298,2,121,CZ064,CZ0642,Brno,60200,Nové sady,996/25,praktické lékárenství,,,"Dominika Fischer, Hana Götzlová, Ivana Bambasová, Jiří Binder, Jozef Kaštely, Kamila Sotáková, Karel Struha, Marek Sekula, Markéta Blechová, Markéta Dúžková, Martina Kožíšková, Martina Starková, Petr Myslivec, Petra Průšová, René Šoštý, Sekula Marek, Tibor Kirsch",50.770234440423,14.206043756999
152471,69403,28511298284000,"ČESKÁ LÉKÁRNA HOLDING, a.s., Dr. Max Lékárna",Lékárna,Most,43401,Lipová,807/14,Ústecký kraj,CZ042,Most,CZ0425,,,,,http://www.drmax.cz,28511298,2,121,CZ064,CZ0642,Brno,60200,Nové sady,996/25,praktické lékárenství,,,"Dominika Fischer, Hana Götzlová, Ivana Bambasová, Jiří Binder, Jozef Kaštely, Kamila Sotáková, Karel Struha, Marek Sekula, Markéta Blechová, Markéta Dúžková, Martina Kožíšková, Martina Starková, Petr Myslivec, Petra Průšová, René Šoštý, Sekula Marek, Tibor Kirsch",50.491604671463,13.651213565647
152469,69402,28511298283000,"ČESKÁ LÉKÁRNA HOLDING, a.s., Dr. Max Lékárna",Lékárna,Děčín,40502,Oblouková,1395/4,Ústecký kraj,CZ042,Děčín,CZ0421,,,,,http://www.drmax.cz,28511298,2,121,CZ064,CZ0642,Brno,60200,Nové sady,996/25,praktické lékárenství,,,"Dominika Fischer, Hana Götzlová, Ivana Bambasová, Jiří Binder, Jozef Kaštely, Kamila Sotáková, Karel Struha, Marek Sekula, Markéta Blechová, Markéta Dúžková, Martina Kožíšková, Martina Starková, Petr Myslivec, Petra Průšová, René Šoštý, Sekula Marek, Tibor Kirsch",50.774896995551,14.216568130471
152470,69400,28511298281000,"ČESKÁ LÉKÁRNA HOLDING, a.s., Dr. Max Lékárna",Lékárna,Žatec,43801,Kadaňská,3034,Ústecký kraj,CZ042,Louny,CZ0424,,,,,http://www.drmax.cz,28511298,2,121,CZ064,CZ0642,Brno,60200,Nové sady,996/25,praktické lékárenství,,,"Dominika Fischer, Hana Götzlová, Ivana Bambasová, Jiří Binder, Jozef Kaštely, Kamila Sotáková, Karel Struha, Marek Sekula, Markéta Blechová, Markéta Dúžková, Martina Kožíšková, Martina Starková, Petr Myslivec, Petra Průšová, René Šoštý, Sekula Marek, Tibor Kirsch",50.323530092659,13.529069600261
152468,69399,28511298280000,"ČESKÁ LÉKÁRNA HOLDING, a.s., Dr. Max Lékárna",Lékárna,Litoměřice,41201,Na Kocandě,2201/35,Ústecký kraj,CZ042,Litoměřice,CZ0423,,,,,http://www.drmax.cz,28511298,2,121,CZ064,CZ0642,Brno,60200,Nové sady,996/25,praktické lékárenství,,,"Dominika Fischer, Hana Götzlová, Ivana Bambasová, Jiří Binder, Jozef Kaštely, Kamila Sotáková, Karel Struha, Marek Sekula, Markéta Blechová, Markéta Dúžková, Martina Kožíšková, Martina Starková, Petr Myslivec, Petra Průšová, René Šoštý, Sekula Marek, Tibor Kirsch",50.536450916637,14.145991404326
152472,69398,28511298279000,"ČESKÁ LÉKÁRNA HOLDING, a.s., Dr. Max Lékárna",Lékárna,Kadaň,43201,Na Průtahu,1960,Ústecký kraj,CZ042,Chomutov,CZ0422,,,,,http://www.drmax.cz,28511298,2,121,CZ064,CZ0642,Brno,60200,Nové sady,996/25,praktické lékárenství,,,"Dominika Fischer, Hana Götzlová, Ivana Bambasová, Jiří Binder, Jozef Kaštely, Kamila Sotáková, Karel Struha, Marek Sekula, Markéta Blechová, Markéta Dúžková, Martina Kožíšková, Martina Starková, Petr Myslivec, Petra Průšová, René Šoštý, Sekula Marek, Tibor Kirsch",50.383492280515,13.275444004209
152465,69397,28511298278000,"ČESKÁ LÉKÁRNA HOLDING, a.s., Dr. Max Lékárna",Lékárna,Most,43401,tř. Budovatelů,1877/17,Ústecký kraj,CZ042,Most,CZ0425,,,,,http://www.drmax.cz,28511298,2,121,CZ064,CZ0642,Brno,60200,Nové sady,996/25,praktické lékárenství,,,"Dominika Fischer, Hana Götzlová, Ivana Bambasová, Jiří Binder, Jozef Kaštely, Kamila Sotáková, Karel Struha, Marek Sekula, Markéta Blechová, Markéta Dúžková, Martina Kožíšková, Martina Starková, Petr Myslivec, Petra Průšová, René Šoštý, Sekula Marek, Tibor Kirsch",50.498530245753,13.638099505654
152464,69396,28511298277000,"ČESKÁ LÉKÁRNA HOLDING, a.s., Dr. Max Lékárna",Lékárna,Most,43401,Kabátnická,1705,Ústecký kraj,CZ042,Most,CZ0425,,,,,http://www.drmax.cz,28511298,2,121,CZ064,CZ0642,Brno,60200,Nové sady,996/25,praktické lékárenství,,,"Dominika Fischer, Hana Götzlová, Ivana Bambasová, Jiří Binder, Jozef Kaštely, Kamila Sotáková, Karel Struha, Marek Sekula, Markéta Blechová, Markéta Dúžková, Martina Kožíšková, Martina Starková, Petr Myslivec, Petra Průšová, René Šoštý, Sekula Marek, Tibor Kirsch",50.512110884842,13.6479138268
152463,69395,28511298276000,"ČESKÁ LÉKÁRNA HOLDING, a.s., Dr. Max Lékárna",Lékárna,Teplice,41501,Bohosudovská,1882,Ústecký kraj,CZ042,Teplice,CZ0426,,,,,http://www.drmax.cz,28511298,2,121,CZ064,CZ0642,Brno,60200,Nové sady,996/25,praktické lékárenství,,,"Dominika Fischer, Hana Götzlová, Ivana Bambasová, Jiří Binder, Jozef Kaštely, Kamila Sotáková, Karel Struha, Marek Sekula, Markéta Blechová, Markéta Dúžková, Martina Kožíšková, Martina Starková, Petr Myslivec, Petra Průšová, René Šoštý, Sekula Marek, Tibor Kirsch",50.655923628824,13.84728913803
152466,69394,28511298275000,"ČESKÁ LÉKÁRNA HOLDING, a.s., Dr. Max Lékárna",Lékárna,Otvice,43111,Obchodní zóna,263,Ústecký kraj,CZ042,Chomutov,CZ0422,,,,,http://www.drmax.cz,28511298,2,121,CZ064,CZ0642,Brno,60200,Nové sady,996/25,praktické lékárenství,,,"Dominika Fischer, Hana Götzlová, Ivana Bambasová, Jiří Binder, Jozef Kaštely, Kamila Sotáková, Karel Struha, Marek Sekula, Markéta Blechová, Markéta Dúžková, Martina Kožíšková, Martina Starková, Petr Myslivec, Petra Průšová, René Šoštý, Sekula Marek, Tibor Kirsch",50.484004535103,13.444243334642
152391,68758,28794796000000,LUMEKO s.r.o.,Lékárna,Libochovice,41117,Dr. Vacka,506,Ústecký kraj,CZ042,Litoměřice,CZ0423,,420416591293,,lekarna.libochovice@centrum.cz,,28794796,2,112,CZ042,CZ0423,Libochovice,41117,Dr. Vacka,506,praktické lékárenství,,,Mgr. Eva Burdová,50.40609123619,14.040119706212
152341,68754,45809607001000,"ZIKO MEDICAL, s.r.o.",Lékárna,Ústí nad Labem,40011,Stříbrnická,3034/10,Ústecký kraj,CZ042,Ústí nad Labem,CZ0427,,420472717213,,lekarna@stribrniky.cz,www.stribrniky.cz,45809607,2,112,CZ010,CZ0100,Praha 6,16900,Pod Marjánkou,1448/4,praktické lékárenství,,,Mgr. Ondřej Němec,,
152432,68749,1506251001000,Jánošíkovi s.r.o.,Lékárna,Žatec,43801,Husova,2908,Ústecký kraj,CZ042,Louny,CZ0424,,420415748199,,info@lekarna-zatec.cz,http://www.lekarna-zatec.cz/,1506251,2,112,CZ042,CZ0424,Žatec,43801,třída Obránců míru,165,praktické lékárenství,,,PharmDr. Michal Jánošík,50.316552037829,13.535554051328
152431,68748,1506251000000,Jánošíkovi s.r.o.,Lékárna,Žatec,43801,třída Obránců míru,165,Ústecký kraj,CZ042,Louny,CZ0424,,420415748199,,info@lekarna-zatec.cz,http://www.lekarna-zatec.cz/,1506251,2,112,CZ042,CZ0424,Žatec,43801,třída Obránců míru,165,praktické lékárenství,,,PharmDr. Michal Jánošík,50.328330284634,13.545228948417
152301,67676,66634482000000,"JIŘÍ ŠIC, Lékárna Herba",Lékárna,Šluknov,40777,nám. Míru,149,Ústecký kraj,CZ042,Děčín,CZ0421,,420412386515,,lekarna.herba@seznam.cz,,66634482,1,,CZ042,CZ0421,Šluknov,40777,nám. Míru,149,praktické lékárenství,,,,51.003757787469,14.452783258501
152400,67389,49621173132000,"BENU Česká republika s.r.o., BENU lékárna",Lékárna,Most,43401,Radniční,3400,Ústecký kraj,CZ042,Most,CZ0425,,420212812812,420212812812,info@benu.cz,http://www.benu.cz,49621173,2,112,CZ010,CZ0100,Praha 15,10200,K pérovně,945/7,praktické lékárenství,,,Radek Machan,50.501248753426,13.639972648666
152337,67385,49621173131000,"BENU Česká republika s.r.o., BENU lékárna",Lékárna,Bílina,41801,Pražská,206/95,Ústecký kraj,CZ042,Teplice,CZ0426,,420212812812,420212812812,info@benu.cz,http://www.benu.cz,49621173,2,112,CZ010,CZ0100,Praha 15,10200,K pérovně,945/7,praktické lékárenství,,,Radek Machan,50.541114670249,13.784333621372
152126,64807,28750390000000,Lékárna u sv. Jakuba s.r.o.,Lékárna,Česká Kamenice,40721,Janáčkova,206,Ústecký kraj,CZ042,Děčín,CZ0421,,,,,,28750390,2,112,CZ042,CZ0421,Česká Kamenice,40721,Janáčkova,206,praktické lékárenství,,,PharmDr. Martin Konečný,50.799708665945,14.417976424071
152111,64785,28711394000000,"Lékárna Česká Kamenice s.r.o., Lékárna VIA",Lékárna,Česká Kamenice,40721,5. května,484,Ústecký kraj,CZ042,Děčín,CZ0421,,,,,,28711394,2,112,CZ010,CZ0100,Praha 6,16200,Pod novým lesem,127/44,praktické lékárenství,,,Mgr. Lukáš Hanich,50.803161315045,14.411861096682
152165,64428,49621173118000,"BENU Česká republika s.r.o., BENU lékárna",Lékárna,Ústí nad Labem,40001,Špitálské náměstí,3517/1a,Ústecký kraj,CZ042,Ústí nad Labem,CZ0427,,420212812812,420212812812,info@benu.cz,http://www.benu.cz,49621173,2,112,CZ010,CZ0100,Praha 15,10200,K pérovně,945/7,praktické lékárenství,,,Radek Machan,50.662425664797,14.033426033404
152102,64421,49621173117000,"BENU Česká republika s.r.o., BENU lékárna",Lékárna,Litvínov,43601,Podkrušnohorská,2171,Ústecký kraj,CZ042,Most,CZ0425,,420212812812,420212812812,info@benu.cz,http://www.benu.cz,49621173,2,112,CZ010,CZ0100,Praha 15,10200,K pérovně,945/7,praktické lékárenství,,,Radek Machan,50.601095128562,13.601631365575
152153,64357,25485822003000,"Domácí lékárna s.r.o., Lékárna Osek",Lékárna,Osek,41705,náměstí Klášterní,91,Ústecký kraj,CZ042,Teplice,CZ0426,,420603216441,,jirkasmisou@gmail.com,http://www.domacilekarna.eu,25485822,2,112,CZ080,CZ0805,Vítkov,74901,náměstí Jana Zajíce,6,praktické lékárenství,,,PharmDr. Romana Bobková,50.622129512422,13.692780810701
152066,62570,29117585001000,"Vavřinecká s.r.o., Lubenecká lékárna",Lékárna,Lubenec,43983,Karlovarská,146,Ústecký kraj,CZ042,Louny,CZ0424,,,,,http://www.magistra.cz,29117585,2,112,CZ032,CZ0323,Plzeň,30100,Raisova,2531/9,praktické lékárenství,,,Mgr. Kateřina Procházková,50.131763327282,13.31186676671
151978,61557,28733401003000,"AVIES s.r.o., Lékárna Za Potokem",Lékárna,Klášterec nad Ohří,43151,Královéhradecká,418,Ústecký kraj,CZ042,Chomutov,CZ0422,,420474344465,,radek.oswald@seznam.cz,,28733401,2,112,CZ042,CZ0422,Kadaň,43201,Mírové náměstí,182,praktické lékárenství,,,"Kubincová Dagmar, Mgr. Radek Oswald, PharmDr. Ivana Tomanová, PharmDr. Monika Mědílková",50.387222448759,13.183605138173
151977,61556,28733401002000,"AVIES s.r.o., Lékárna U Pelikána",Lékárna,Kadaň,43201,Golovinova,1559,Ústecký kraj,CZ042,Chomutov,CZ0422,,420474344465,,radek.oswald@seznam.cz,,28733401,2,112,CZ042,CZ0422,Kadaň,43201,Mírové náměstí,182,praktické lékárenství,,,"Kubincová Dagmar, Mgr. Radek Oswald, PharmDr. Ivana Tomanová, PharmDr. Monika Mědílková",50.391225624229,13.270148720299
151980,61553,28733401000000,"AVIES s.r.o., Lékárna U Černého orla",Lékárna,Kadaň,43201,Mírové náměstí,182,Ústecký kraj,CZ042,Chomutov,CZ0422,,420474344465,,radek.oswald@seznam.cz,,28733401,2,112,CZ042,CZ0422,Kadaň,43201,Mírové náměstí,182,praktické lékárenství,,,"Kubincová Dagmar, Mgr. Radek Oswald, PharmDr. Ivana Tomanová, PharmDr. Monika Mědílková",50.376003424044,13.270061954566
151941,61546,86764446002000,"Mgr. Marie Brůhová, Lékárna Kryry",Lékárna,Kryry,43981,Hlavní,1,Ústecký kraj,CZ042,Louny,CZ0424,,,,,,86764446,1,,CZ042,CZ0422,Chomutov,43003,Rooseveltova,2267/28,praktické lékárenství,,,,50.174895308162,13.426716258061
151924,60262,27279847000001,"Lazaret s.r.o., Lékárna Nad Kapličkou - OOVL",Lékárna,Liběšice,41146,,70,Ústecký kraj,CZ042,Litoměřice,CZ0423,,420416532366,,nadkaplickou@seznam.cz,http://www.vaselekarny.cz,27279847,2,112,CZ042,CZ0423,Litoměřice,41201,Palachova,779/9,praktické lékárenství,ambulantní péče,lékárenská péče,Brabcová Lenka,50.568139158601,14.292865291638
151829,60073,28693108000000,"LEKUL s.r.o., Lékárna Herbenova",Lékárna,Ústí nad Labem,40001,Herbenova,794/4,Ústecký kraj,CZ042,Ústí nad Labem,CZ0427,,,,,,28693108,2,112,CZ042,CZ0427,Ústí nad Labem,40001,Herbenova,794/4,praktické lékárenství,,,Mgr. Eva Endlerová,50.673333892391,14.020499105893
151863,59323,28710142000000,Lékárna Centrum MB s.r.o.,Lékárna,Ústí nad Labem,40001,V Jirchářích,62/2,Ústecký kraj,CZ042,Ústí nad Labem,CZ0427,,420475210959,420475213071,lek.centrum@volny.cz,,28710142,2,112,CZ080,CZ0805,Vítkov,74901,náměstí Jana Zajíce,6,praktické lékárenství,,,Markéta Stoklasová,50.660327168731,14.043298124048
151860,59300,28712595000000,"Apatyka Anděl s.r.o., Lékárna U anděla",Lékárna,Roudnice nad Labem,41301,Špindlerova třída,806,Ústecký kraj,CZ042,Litoměřice,CZ0423,,,,lekarnaroudnice@seznam.cz,,28712595,2,112,CZ042,CZ0423,Roudnice nad Labem,41301,Špindlerova třída,806,praktické lékárenství,,,Vladislav Jeřábek,50.421712581336,14.253003990161
151828,59219,28710126000000,Lékárna U Katovny s.r.o.,Lékárna,Litoměřice,41201,U Katovny,2023/1,Ústecký kraj,CZ042,Litoměřice,CZ0423,,,,,http://www.ipcgroup.cz/,28710126,2,112,CZ042,CZ0423,Litoměřice,41201,U Katovny,2023/1,praktické lékárenství,,,MARKÉTA ROLENCOVÁ,50.537647217571,14.125826693089
151676,57970,28671384000000,"Lékárna v Jiříkově, s.r.o.",Lékárna,Jiříkov,40753,Svobodova,1015/18,Ústecký kraj,CZ042,Děčín,CZ0421,,420412338366,,l.vaclavek@volny.cz,,28671384,2,112,CZ042,CZ0421,Jiříkov,40753,Svobodova,1015/18,praktické lékárenství,,,Mgr. Lubor Václavek,50.995724174234,14.573774410135
151521,57916,27576671001000,"REAL FORTE a.s., Lékárna Benefit",Lékárna,Litvínov,43601,9. května,2044,Ústecký kraj,CZ042,Most,CZ0425,,420476101028,,l.benefit@centrum.cz,http://www.lekarnabenefit.cz,27576671,2,121,CZ010,CZ0100,Praha 8,18000,Srbova,360/1,praktické lékárenství,,,PharmDr. Anna Žižková,50.597878878825,13.61362248619
151734,57086,28682785000000,Lékárna Krásná Lípa s.r.o.,Lékárna,Krásná Lípa,40746,Křinické náměstí,12/13,Ústecký kraj,CZ042,Děčín,CZ0421,,420412383100,,matuskovaIrena@seznam.cz,http://www.ilekarnaunas.cz,28682785,2,112,CZ042,CZ0421,Krásná Lípa,40746,Křinické náměstí,12/13,praktické lékárenství,,,Mgr. Irena Malá,50.9140980667,14.507944143051
151741,56985,28680090000000,"BRAVO Šluknov s.r.o., Lékárna Bona",Lékárna,Dolní Poustevna,40782,Lobendavská,423,Ústecký kraj,CZ042,Děčín,CZ0421,,420412331790,,lekarna.bona@seznam.cz,http://www.lekarna-bona.cz,28680090,2,112,CZ042,CZ0421,Šluknov,40777,Náměstí Míru,344,praktické lékárenství,,,Mgr. Jiří Vojtíšek,50.982685711696,14.288410445994
151591,54603,74260430000000,"Mgr. Zuzana Radisavljević, Lékárna Na Prokopce",Lékárna,Děčín,40502,Prokopa Holého,139/21,Ústecký kraj,CZ042,Děčín,CZ0421,,,,,,74260430,1,,CZ042,CZ0421,Děčín,40502,Prokopa Holého,139/21,praktické lékárenství,,,,50.774776512896,14.196212344414
151536,54581,62769871001000,"PharmDr. František Stáně, Lékárna Lovoš",Lékárna,Lovosice,41002,Terezínská,488/73,Ústecký kraj,CZ042,Litoměřice,CZ0423,,420416532434,420416532542,lek.aeskulap@seznam.cz,,62769871,1,,CZ042,CZ0423,Lovosice,41002,8.května,152/7,praktické lékárenství,,,,50.509772209836,14.073687651175
151535,53991,27316114000000,"Lékárna Altea, spol. s r.o.",Lékárna,Bílina,41801,Sídliště Za Chlumem,814,Ústecký kraj,CZ042,Teplice,CZ0426,,,,,,27316114,2,112,CZ042,CZ0426,Osek,41705,Palackého,551,praktické lékárenství,,,Bořivoj Tomíček,50.554832032267,13.78388801184
151522,53960,62744771000000,"Romana Sartori, Lékárna U Lázní",Lékárna,Teplice,41501,Mlýnská,326/6,Ústecký kraj,CZ042,Teplice,CZ0426,,420417578400,,lulazni@tiscali.cz,http://leky-expres.cz,62744771,1,,CZ042,CZ0426,Teplice,41501,Mlýnská,326/6,praktické lékárenství,,,,50.639254140094,13.832353332203
151418,52264,27279847000000,"Lazaret s.r.o., Lékárna Nad Kapličkou",Lékárna,Litoměřice,41201,Pokratická,165/49,Ústecký kraj,CZ042,Litoměřice,CZ0423,,420416532366,,nadkaplickou@seznam.cz,http://www.vaselekarny.cz,27279847,2,112,CZ042,CZ0423,Litoměřice,41201,Palachova,779/9,praktické lékárenství,,lékárenská péče,Brabcová Lenka,50.550504788416,14.125714334128
151407,52255,25485822001000,"Domácí lékárna s.r.o., Lékárna U Hraničáře",Lékárna,Ústí nad Labem,40001,Masarykova,3127/28,Ústecký kraj,CZ042,Ústí nad Labem,CZ0427,,420603216441,,jirkasmisou@gmail.com,http://www.domacilekarna.eu,25485822,2,112,CZ080,CZ0805,Vítkov,74901,náměstí Jana Zajíce,6,praktické lékárenství,ambulantní péče,lékárenská péče,PharmDr. Romana Bobková,50.663341319091,14.033799628006
151406,52253,25485822000000,"Domácí lékárna s.r.o., Lékárna U Soudu",Lékárna,Teplice,41501,Duchcovská,304/10,Ústecký kraj,CZ042,Teplice,CZ0426,,420603216441,,jirkasmisou@gmail.com,http://www.domacilekarna.eu,25485822,2,112,CZ080,CZ0805,Vítkov,74901,náměstí Jana Zajíce,6,praktické lékárenství,ambulantní péče,lékárenská péče,PharmDr. Romana Bobková,50.636199321636,13.818328995442
151207,50829,27262812000000,Lékárna U LUNY s.r.o.,Lékárna,Teplice,41501,Husova,1626,Ústecký kraj,CZ042,Teplice,CZ0426,,,,,http://www.lekarnauluny.cz/,27262812,2,112,CZ042,CZ0426,Teplice,41501,Husova,1626,praktické lékárenství,,,RNDr. Helena Lázenská,50.656582730629,13.848175175837
151358,49723,86733036000000,"Mgr. Martin Šrámek, Lékárna OC Sever",Lékárna,Ústí nad Labem,40001,Mírové náměstí,103/27,Ústecký kraj,CZ042,Ústí nad Labem,CZ0427,,420475201290,,usti.mirovenam@benu.cz,http://www.lekarnasever.cz,86733036,1,,CZ042,CZ0427,Ústí nad Labem,40001,Mírové náměstí,103/27,praktické lékárenství,,,,50.659754718151,14.040888177454
222451,49719,25488899000000,"AMURA spol. s r.o., Lékárna Jasmín",Lékárna,Teplice,41501,U Hadích lázní,1145/16,Ústecký kraj,CZ042,Teplice,CZ0426,,420776115577,,lekarna.jasmin@seznam.cz,http://www.lekarnajasmin.cz,25488899,2,112,CZ042,CZ0426,Teplice,41501,U Hadích lázní,1152/26,praktické lékárenství,,lékárenská péče,"ADEL BALLAN, BLANKA VAJRYCHOVÁ, Eleonóra Nyáriová, MUDr. Abdul Rahman Khalouf",50.639340905827,13.83694264646
151356,49680,25492969000000,"TILIAPHARM s.r.o., Lékárna U Lípy",Lékárna,Chomutov,43004,Březenecká,4804,Ústecký kraj,CZ042,Chomutov,CZ0422,,,,,,25492969,2,112,CZ042,CZ0422,Chomutov,43004,Březenecká,4804,praktické lékárenství,,,Marta Dobošová,50.476690757233,13.412222647161
151352,49587,62747011000001,"Mgr. Leona Štěpková, Lékárna Medea - OOVL",Lékárna,Hrob,41704,Mírové náměstí,65,Ústecký kraj,CZ042,Teplice,CZ0426,,420417825212,,info@lekarnamedea.cz,http://www.lekarnamedea.cz,62747011,1,,CZ042,CZ0426,Hrob,41704,Mírové náměstí,65,,,lékárenská péče,,50.657996604692,13.726671750871
151205,48923,25010450000000,"Alfapharm s.r.o., Lékárna Alfa",Lékárna,Duchcov,41901,Teplická,223/12,Ústecký kraj,CZ042,Teplice,CZ0426,,420417836291,,lekarna_alfa@volny.cz,,25010450,2,112,CZ042,CZ0426,Novosedlice,41731,Sokolská,314/13,praktické lékárenství,,,Mgr. Jana Trägnerová,50.605414807349,13.746751488228
151193,48917,25484354000000,"JEPHARMA, s.r.o., Pokratická lékárna",Lékárna,Litoměřice,41201,Pokratická,500/58,Ústecký kraj,CZ042,Litoměřice,CZ0423,,420416744178,,jepharma@seznam.cz,http://www.jepharma.wz.cz,25484354,2,112,CZ042,CZ0423,Litoměřice,41201,Pokratická,500/58,praktické lékárenství,,,Jana Jeřábková,50.546124458837,14.124748717626
151349,48570,25477579000000,"Špergl s.r.o., Lékárna U Zlatého anděla",Lékárna,Podbořany,44101,Masarykovo náměstí,440,Ústecký kraj,CZ042,Louny,CZ0424,,420415214081,,lekarna@uzlatehoandela.cz,http://www.uzlatehoandela.cz,25477579,2,112,CZ042,CZ0424,Podbořany,44101,Masarykovo náměstí,440,praktické lékárenství,,,Mgr. Věra Šperglová,50.228694478229,13.408048313563
246335,48556,25480456000000,"Zelená lékárna - JLM, s.r.o.",Lékárna,Rumburk,40801,Jiráskova,1052/2,Ústecký kraj,CZ042,Děčín,CZ0421,,,,,http://zelenalekarna-jlm.cz,25480456,2,112,CZ042,CZ0421,Rumburk,40801,Jiráskova,1378/4,praktické lékárenství,,lékárenská péče,Anna Horáčková,50.954710702781,14.552537965042
151190,47673,25478168000000,Heleis s.r.o.,Lékárna,Chomutov,43001,Palackého,4272,Ústecký kraj,CZ042,Chomutov,CZ0422,,420474629088,,lekarna.cv@centrum.cz,www.lekarnachomutov.cz,25478168,2,112,CZ042,CZ0422,Chomutov,43001,Palackého,4272,praktické lékárenství,,lékárenská péče,RNDr. Eva Eisertová,50.461163604656,13.412105573566
151162,47672,47540443001000,"AESKULAP, spol. s r.o., Lékárna U Slunce",Lékárna,Štětí,41108,Školní,492,Ústecký kraj,CZ042,Litoměřice,CZ0423,,,,,,47540443,2,112,CZ020,CZ0206,Kralupy nad Vltavou,27801,Žižkova,81,praktické lékárenství,,,"Mgr. Olina Pospíšilová, RNDr. Drahomíra Gabrielová",50.452680504495,14.37862360929
151161,47671,47540443000000,"AESKULAP, spol. s r.o., Lékárna U Zámku",Lékárna,Roudnice nad Labem,41301,Karlovo náměstí,8,Ústecký kraj,CZ042,Litoměřice,CZ0423,,,,,,47540443,2,112,CZ020,CZ0206,Kralupy nad Vltavou,27801,Žižkova,81,praktické lékárenství,,,"Mgr. Olina Pospíšilová, RNDr. Drahomíra Gabrielová",50.424451737135,14.261494884393
151711,47670,49621173052000,"BENU Česká republika s.r.o., BENU lékárna",Lékárna,Most,43401,J. E. Purkyně,1167,Ústecký kraj,CZ042,Most,CZ0425,,420212812812,420212812812,info@benu.cz,http://www.benu.cz,49621173,2,112,CZ010,CZ0100,Praha 15,10200,K pérovně,945/7,praktické lékárenství,,,Radek Machan,50.508360834047,13.62715237414
151189,47660,25476602000000,"IXORA s. r. o., Lékárna U Zlatého jelena",Lékárna,Jirkov,43111,nám. Dr. E. Beneše,108,Ústecký kraj,CZ042,Chomutov,CZ0422,,420730840230,,ixora@email.cz,http://www.magistra.cz,25476602,2,112,CZ042,CZ0422,Jirkov,43111,nám. Dr. E. Beneše,108,praktické lékárenství,,,Mgr. Jiřina Stahlová,50.50056088745,13.448099432444
151198,47574,48262609000000,"Mgr. Peter Konečný, Lékárna U Václava",Lékárna,Děčín,40502,Oblouková,313/62,Ústecký kraj,CZ042,Děčín,CZ0421,,,,,,48262609,1,,CZ042,CZ0421,Děčín,40502,Oblouková,313/62,praktické lékárenství,,,,50.770202361204,14.216984063812
151176,45223,72594357000000,"RSDr. Martina Harmáčková, Lékárna TOP",Lékárna,Děčín,40502,Poštovní,1056/9,Ústecký kraj,CZ042,Děčín,CZ0421,,,,lekarna.top@volny.cz,,72594357,1,,CZ042,CZ0421,Děčín,40502,Poštovní,1878/4,praktické lékárenství,,,,50.769683808669,14.196964368829
151196,44168,70570744000000,"PharmDr. Ivana Kodlová, Lékárna U Zlaté koruny",Lékárna,Budyně nad Ohří,41118,Okružní,366,Ústecký kraj,CZ042,Litoměřice,CZ0423,,420416863188,,kodlova.lekarna@seznam.cz,,70570744,1,,CZ042,CZ0423,Budyně nad Ohří,41118,Okružní,366,praktické lékárenství,,,,50.404936474181,14.129286466195
151157,40850,63756838000000,"Mgr. Dimitr Božkov, Lékárna",Lékárna,Meziboří,43513,nám. 8. května,330,Ústecký kraj,CZ042,Most,CZ0425,,,,,,63756838,1,,CZ042,CZ0425,Meziboří,43513,nám. 8. května,330,praktické lékárenství,,,,50.620396919162,13.605084382605
151337,40848,63749921000000,"PhMr. Věra Rappová, Lékárna Hvězda",Lékárna,Ústí nad Labem,40001,Beethovenova,597/31,Ústecký kraj,CZ042,Ústí nad Labem,CZ0427,,420475212098,,rapp@volny.cz,http://www.lekarnahvezda.cz,63749921,1,,CZ042,CZ0427,Ústí nad Labem,40001,Beethovenova,597/31,praktické lékárenství,,,,50.670181721189,14.016860829305
151271,40537,63147319000000,"PROFARM BD s.r.o., Lékárna U Slunce",Lékárna,Ústí nad Labem,40011,Šrámkova,3319/2a,Ústecký kraj,CZ042,Ústí nad Labem,CZ0427,,420472776359,,lekuslunce@volny.cz,,63147319,2,112,CZ042,CZ0427,Ústí nad Labem,40001,Žižkova,630/73,praktické lékárenství,,,Mgr. Daniel Kökert,50.673733733627,14.049182764198
151364,40018,62769871000000,"PharmDr. František Stáně, Lékárna U Aeskulapa",Lékárna,Lovosice,41002,8.května,152/7,Ústecký kraj,CZ042,Litoměřice,CZ0423,,420416532434,420416532542,lek.aeskulap@seznam.cz,,62769871,1,,CZ042,CZ0423,Lovosice,41002,8.května,152/7,praktické lékárenství,,,,50.512720541711,14.05320084863
151351,39992,62747011000000,"Mgr. Leona Štěpková, Lékárna Medea",Lékárna,Hostomice,41752,Vrbenského,165,Ústecký kraj,CZ042,Teplice,CZ0426,,420417825212,,info@lekarnamedea.cz,http://www.lekarnamedea.cz,62747011,1,,CZ042,CZ0426,Hrob,41704,Mírové náměstí,65,praktické lékárenství,,,,50.585943129564,13.809552161458
151335,39980,62740482000000,EUC Klinika Ústí nad Labem s.r.o.,"Poskytovatel amb. služeb (nad 5 oborů), Samost. ordinace všeob. prakt. lékaře, Samostatná ordinace PL - stomatologa, Samostatné zařízení psychologa, Lékárna",Ústí nad Labem,40001,Masarykova,2000/92,Ústecký kraj,CZ042,Ústí nad Labem,CZ0427,,420477102111,,ustinadlabem@eucklinika.cz,http://eucklinika.cz,62740482,2,112,CZ042,CZ0427,Ústí nad Labem,40001,Masarykova,2000/92,"Fyzioterapeut, Klinický psycholog, foniatrie, praktické lékárenství, všeobecné praktické lékařství, vnitřní lékařství, urologie, revmatologie, rehabilitační a fyzikální medicína, radiologie a zobrazovací metody, psychiatrie, otorinolaryngologie a chirurgie hlavy a krku, ortopedie a traumatologie pohybového ústrojí, ortopedie a traumatologie pohybového ústrojí, oftalmologie, neurologie, kardiologie, klinická biochemie, infekční lékařství, chirurgie, hematologie a transfúzní lékařství, gastroenterologie, endokrinologie a diabetologie",ambulantní péče,lékárenská péče,"Bartošová Kateřina, VÁCLAV HYNEK",50.667672421072,14.029068065223
151158,39513,62233491000000,"Ing. Ladislav Brada, Lékárna Na Náměstí",Lékárna,Šluknov,40777,nám. Míru,344,Ústecký kraj,CZ042,Děčín,CZ0421,,420412386626,,lekarna.sluknov@seznam.cz,http://www.lekarna-sluknov.cz,62233491,1,,CZ042,CZ0421,Šluknov,40777,nám. Míru,344,praktické lékárenství,,,Marie Bradová,51.003054575567,14.453151470689
151270,38601,61514829000000,"Mgr. Jitka Pokorná, Lékárna U zlatého slunce",Lékárna,Novosedlice,41731,Míru,119,Ústecký kraj,CZ042,Teplice,CZ0426,,420417539679,,uzlslunce@volny.cz,http://www.lekarnanovosedlice.cz,61514829,1,,CZ042,CZ0426,Novosedlice,41731,Míru,119,praktické lékárenství,ambulantní péče,,,50.656855343741,13.823434252581
151210,35936,60281049000000,"LÉKÁRNA LONDÝNSKÁ, spol. s r.o.",Lékárna,Libouchec,40335,,82,Ústecký kraj,CZ042,Ústí nad Labem,CZ0427,,420475222758,,lekarna.londynska@seznam.cz,,60281049,2,112,CZ042,CZ0427,Libouchec,40335,,82,praktické lékárenství,,,Mgr. Jaroslava Miksová,50.758391643913,14.040844687053
151339,34446,49905848000000,"REMEDIUM - HŠ, spol. s r.o., Lékárna Remedium",Lékárna,Ústí nad Labem,40007,U Pivovarské zahrady,793/5,Ústecký kraj,CZ042,Ústí nad Labem,CZ0427,,,,,http://www.arlego.cz,49905848,2,112,CZ042,CZ0427,Ústí nad Labem,40007,U Pivovarské zahrady,793/5,praktické lékárenství,,,Mgr. Petra Kořínková,50.667657985423,14.075887064957
151367,34440,49903331000000,"VAPI spol. s r.o., Lékárna U Hvězdy",Lékárna,Chomutov,43004,Písečná,5549,Ústecký kraj,CZ042,Chomutov,CZ0422,,420471120737,,,http://www.lekarnauhvezdy.cz,49903331,2,112,CZ042,CZ0422,Chomutov,43004,Písečná,5549,praktické lékárenství,,,Mgr. Monika Vlasáková,50.487617079368,13.438041329784
151268,34434,49903012000000,"Pharma Louny spol. s r.o., Lékárna U Sv. Mikuláše",Lékárna,Louny,44001,Beneše z Loun,185,Ústecký kraj,CZ042,Louny,CZ0424,,420777233057,,lekarna2@arsys.cz,http://www.lekarnamikulas.cz,49903012,2,112,CZ042,CZ0424,Louny,44001,Beneše z Loun,185,praktické lékárenství,,,PharmDr. Lenka Zemanová,,
151710,33273,49621173013000,"BENU Česká republika s.r.o., BENU lékárna",Lékárna,Děčín,40502,Masarykovo nám.,81/8,Ústecký kraj,CZ042,Děčín,CZ0421,,420212812812,420212812812,info@benu.cz,http://www.benu.cz,49621173,2,112,CZ010,CZ0100,Praha 15,10200,K pérovně,945/7,praktické lékárenství,,,Radek Machan,50.780650823212,14.214038921107
151174,30256,49116886000000,"PharmDr. Zdeňka Gregorová, Zámecká lékárna",Lékárna,Děčín,40502,Křížová,19/11,Ústecký kraj,CZ042,Děčín,CZ0421,,420412519460,,zameckalekarna@seznam.cz,,49116886,1,,CZ042,CZ0421,Děčín,40502,Křížová,19/11,praktické lékárenství,,,,50.77967638197,14.213262664423
151230,30208,49116444000000,"Mgr. Anna Maliariková, Lékárna",Lékárna,Děčín,40502,Želenická,1510/26,Ústecký kraj,CZ042,Děčín,CZ0421,,420412539294,,lekarna.zelenice@centrum.cz,,49116444,1,,CZ042,CZ0421,Děčín,40502,Želenická,1510/26,praktické lékárenství,,,,50.759608562724,14.188622185868
151178,30094,49086979000000,"Mgr. Vladimíra Hazdrová, Lékárna na Litoměřické",Lékárna,Bílina,41801,Litoměřická,102/5,Ústecký kraj,CZ042,Teplice,CZ0426,,,,,,49086979,1,,CZ042,CZ0426,Bílina,41801,Litoměřická,102/5,praktické lékárenství,,lékárenská péče,,50.549532079652,13.777070984104
151231,30090,49086880000000,"Mgr. Nadežda Marková, Lékárna U Tyrše",Lékárna,Krupka,41741,Bohosudovská,472/29,Ústecký kraj,CZ042,Teplice,CZ0426,,420417861330,420417861330,utyrse@seznam.cz,,49086880,1,,CZ042,CZ0426,Krupka,41741,Bohosudovská,472/29,praktické lékárenství,,,,50.680600554868,13.866964692625
151359,30087,49086766000000,"Mgr. Anna Spáčilová, Lékárna Salvia",Lékárna,Bílina,41801,Seifertova,3/5,Ústecký kraj,CZ042,Teplice,CZ0426,,,,,,49086766,1,,CZ042,CZ0426,Bílina,41801,Seifertova,3/5,praktické lékárenství,,,,50.546891974066,13.77441325322
151233,22493,47767871000000,"Mgr. Dagmar Mašková, Lékárna Na Hvězdě",Lékárna,Teplice,41501,Antonína Sochora,1340/4,Ústecký kraj,CZ042,Teplice,CZ0426,,420417575322,,lekarnanahvezde@volny.cz,,47767871,1,,CZ042,CZ0426,Teplice,41501,Antonína Sochora,1340/4,praktické lékárenství,,,,50.646982696742,13.851006361684
151188,17809,46790411000000,"PharmDr. Dalibor Chovanec, Lékárna U Spasitele",Lékárna,Vejprty,43191,Pohraniční stráže,403/11,Ústecký kraj,CZ042,Chomutov,CZ0422,,,,kilad@volny.cz,,46790411,1,,CZ042,CZ0422,Vejprty,43191,Pohraniční stráže,403/11,praktické lékárenství,,,,50.49575201394,13.030467093344
151374,17681,46772081000000,"Jitka Žáková, Lékárna Pod Lipami",Lékárna,Štětí,41108,Nové náměstí,137,Ústecký kraj,CZ042,Litoměřice,CZ0423,,,,lekarnapodlipami@seznam.cz,,46772081,1,,CZ042,CZ0423,Štětí,41108,Nové náměstí,137,praktické lékárenství,,,,50.452513938389,14.37443199807
151199,17619,46771034000000,"PharmDr. Jiří Kopeček, Lékárna",Lékárna,Úštěk,41145,Mírové náměstí,2,Ústecký kraj,CZ042,Litoměřice,CZ0423,,420416795700,,jiri.kopecek@tiscali.cz,,46771034,1,,CZ042,CZ0423,Úštěk,41145,Mírové náměstí,2,praktické lékárenství,,,,50.584441325559,14.34299169413
151151,14975,46018417000000,"Mgr. Monika Šturmová, Lékárna Na náměstí",Lékárna,Třebenice,41113,Masarykova,75,Ústecký kraj,CZ042,Litoměřice,CZ0423,,,,,,46018417,1,,CZ042,CZ0423,Třebenice,41113,Masarykova,75,praktické lékárenství,,,,50.476490125827,13.990961052906
151194,9765,41283279000000,"PharmDr. Ivana Bastakli, Zelená lékárna",Lékárna,Chomutov,43001,Školní,1790/35,Ústecký kraj,CZ042,Chomutov,CZ0422,,,,,,41283279,1,,CZ042,CZ0422,Chomutov,43001,Školní,1790/35,praktické lékárenství,,,,50.459151114655,13.412983261911
151170,8572,25030973000000,DECEM s.r.o.,Lékárna,Lovosice,41002,Školní,399/12,Ústecký kraj,CZ042,Litoměřice,CZ0423,,420416532710,,lekarna.uzlatehohada@seznam.cz,,25030973,2,112,CZ042,CZ0423,Lovosice,41002,Školní,399/12,praktické lékárenství,,,Karel Knotek,50.514425232361,14.050341668719
151217,8556,25011936000000,"MOFA, s.r.o., Lékárna MOFA",Lékárna,Most,43401,Višňová,1008/1,Ústecký kraj,CZ042,Most,CZ0425,,,,,,25011936,2,112,CZ042,CZ0425,Most,43401,Pod Resslem,1990/10,praktické lékárenství,,,Mgr. Milena Čenská,50.495216071257,13.656785912185
